time,open,high,low,close,volume,day
2026-07-27 22:15:00,14524.0,14527.0,14501.0,14515.0,4599.0,2026-07-27
2026-07-27 22:30:00,14515.0,14522.0,14495.0,14497.0,1594.0,2026-07-27
2026-07-27 22:45:00,14497.0,14517.0,14495.0,14504.0,2839.0,2026-07-27
2026-07-27 23:00:00,14504.0,14509.0,14492.0,14496.0,1766.0,2026-07-27
2026-07-27 23:15:00,14496.0,14506.0,14488.0,14498.0,3055.0,2026-07-27
2026-07-28 09:00:00,14475.0,14475.0,14375.0,14405.0,6299.0,2026-07-28
2026-07-28 09:15:00,14405.0,14417.0,14401.0,14402.0,3875.0,2026-07-28
2026-07-28 09:30:00,14404.0,14405.0,14375.0,14377.0,5976.0,2026-07-28
2026-07-28 09:45:00,14377.0,14390.0,14375.0,14375.0,2276.0,2026-07-28
2026-07-28 10:00:00,14377.0,14382.0,14365.0,14381.0,3378.0,2026-07-28
2026-07-28 10:15:00,14381.0,14389.0,14370.0,14371.0,1990.0,2026-07-28
2026-07-28 10:30:00,14371.0,14374.0,14365.0,14372.0,2157.0,2026-07-28
2026-07-28 10:45:00,14368.0,14378.0,14368.0,14378.0,1953.0,2026-07-28
2026-07-28 11:00:00,14378.0,14379.0,14350.0,14359.0,4902.0,2026-07-28
2026-07-28 11:15:00,14359.0,14374.0,14354.0,14373.0,3223.0,2026-07-28
2026-07-28 11:30:00,14373.0,14386.0,14371.0,14377.0,2458.0,2026-07-28
2026-07-28 11:45:00,14377.0,14385.0,14376.0,14382.0,2197.0,2026-07-28
2026-07-28 12:00:00,14382.0,14396.0,14382.0,14391.0,2693.0,2026-07-28
2026-07-28 12:15:00,14391.0,14397.0,14385.0,14385.0,1281.0,2026-07-28
2026-07-28 12:30:00,14385.0,14392.0,14385.0,14389.0,672.0,2026-07-28
2026-07-28 12:45:00,14389.0,14406.0,14388.0,14398.0,2016.0,2026-07-28
2026-07-28 13:00:00,14398.0,14401.0,14387.0,14387.0,1287.0,2026-07-28
2026-07-28 13:15:00,14391.0,14391.0,14382.0,14382.0,867.0,2026-07-28
2026-07-28 13:30:00,14382.0,14399.0,14379.0,14379.0,1554.0,2026-07-28
2026-07-28 13:45:00,14379.0,14394.0,14379.0,14394.0,1035.0,2026-07-28
2026-07-28 14:00:00,14394.0,14394.0,14381.0,14392.0,1557.0,2026-07-28
2026-07-28 14:15:00,14392.0,14394.0,14380.0,14381.0,1022.0,2026-07-28
2026-07-28 14:30:00,14381.0,14381.0,14368.0,14368.0,1395.0,2026-07-28
2026-07-28 14:45:00,14368.0,14375.0,14366.0,14368.0,974.0,2026-07-28
2026-07-28 15:00:00,14368.0,14370.0,14350.0,14357.0,3097.0,2026-07-28
2026-07-28 15:15:00,14357.0,14360.0,14328.0,14335.0,5683.0,2026-07-28
2026-07-28 15:30:00,14335.0,14352.0,14334.0,14345.0,2823.0,2026-07-28
2026-07-28 15:45:00,14345.0,14350.0,14321.0,14324.0,3768.0,2026-07-28
2026-07-28 16:00:00,14321.0,14333.0,14320.0,14329.0,2720.0,2026-07-28
2026-07-28 16:15:00,14330.0,14343.0,14329.0,14339.0,2259.0,2026-07-28
2026-07-28 16:30:00,14339.0,14344.0,14330.0,14330.0,1210.0,2026-07-28
2026-07-28 16:45:00,14330.0,14347.0,14330.0,14344.0,1004.0,2026-07-28
2026-07-28 17:00:00,14344.0,14351.0,14334.0,14335.0,1289.0,2026-07-28
2026-07-28 17:15:00,14335.0,14341.0,14330.0,14341.0,1670.0,2026-07-28
2026-07-28 17:30:00,14341.0,14343.0,14332.0,14340.0,992.0,2026-07-28
2026-07-28 17:45:00,14340.0,14359.0,14333.0,14356.0,3302.0,2026-07-28
2026-07-28 18:00:00,14356.0,14360.0,14340.0,14357.0,1976.0,2026-07-28
2026-07-28 18:15:00,14357.0,14369.0,14345.0,14345.0,1927.0,2026-07-28
2026-07-28 18:30:00,14345.0,14358.0,14345.0,14350.0,1242.0,2026-07-28
2026-07-28 18:45:00,14350.0,14355.0,14345.0,14346.0,1048.0,2026-07-28
2026-07-28 19:00:00,14346.0,14350.0,14322.0,14337.0,3195.0,2026-07-28
2026-07-28 19:15:00,14337.0,14338.0,14330.0,14330.0,1685.0,2026-07-28
2026-07-28 19:30:00,14330.0,14350.0,14330.0,14339.0,1953.0,2026-07-28
2026-07-28 19:45:00,14338.0,14340.0,14311.0,14329.0,3745.0,2026-07-28
2026-07-28 20:00:00,14329.0,14329.0,14311.0,14325.0,2821.0,2026-07-28
2026-07-28 20:15:00,14320.0,14333.0,14315.0,14321.0,2504.0,2026-07-28
2026-07-28 20:30:00,14321.0,14347.0,14321.0,14345.0,3309.0,2026-07-28
2026-07-28 20:45:00,14345.0,14360.0,14345.0,14351.0,3817.0,2026-07-28
2026-07-28 21:00:00,14352.0,14362.0,14342.0,14362.0,4393.0,2026-07-28
2026-07-28 21:15:00,14360.0,14381.0,14359.0,14379.0,5436.0,2026-07-28
2026-07-28 21:30:00,14379.0,14381.0,14366.0,14369.0,3159.0,2026-07-28
2026-07-28 21:45:00,14369.0,14374.0,14363.0,14364.0,2085.0,2026-07-28
2026-07-28 22:00:00,14364.0,14369.0,14357.0,14362.0,3245.0,2026-07-28
2026-07-28 22:15:00,14362.0,14362.0,14347.0,14347.0,5918.0,2026-07-28
2026-07-28 22:30:00,14348.0,14360.0,14344.0,14345.0,3665.0,2026-07-28
2026-07-28 22:45:00,14347.0,14349.0,14320.0,14330.0,12691.0,2026-07-28
2026-07-28 23:00:00,14330.0,14334.0,14304.0,14315.0,16114.0,2026-07-28
2026-07-28 23:15:00,14315.0,14335.0,14312.0,14328.0,8158.0,2026-07-28
2026-07-29 09:00:00,14359.0,14375.0,14310.0,14333.0,6105.0,2026-07-29
2026-07-29 09:15:00,14333.0,14344.0,14332.0,14333.0,5211.0,2026-07-29
2026-07-29 09:30:00,14333.0,14334.0,14302.0,14308.0,7611.0,2026-07-29
2026-07-29 09:45:00,14308.0,14320.0,14303.0,14312.0,3336.0,2026-07-29
2026-07-29 10:00:00,14312.0,14320.0,14310.0,14315.0,2294.0,2026-07-29
2026-07-29 10:15:00,14315.0,14324.0,14313.0,14324.0,2289.0,2026-07-29
2026-07-29 10:30:00,14324.0,14342.0,14324.0,14340.0,2917.0,2026-07-29
2026-07-29 10:45:00,14340.0,14350.0,14334.0,14350.0,1612.0,2026-07-29
2026-07-29 11:00:00,14350.0,14374.0,14347.0,14372.0,4092.0,2026-07-29
2026-07-29 11:15:00,14370.0,14374.0,14355.0,14355.0,1857.0,2026-07-29
2026-07-29 11:30:00,14355.0,14369.0,14355.0,14367.0,1331.0,2026-07-29
2026-07-29 11:45:00,14367.0,14369.0,14360.0,14368.0,1845.0,2026-07-29
2026-07-29 12:00:00,14368.0,14397.0,14366.0,14378.0,4414.0,2026-07-29
2026-07-29 12:15:00,14378.0,14378.0,14369.0,14371.0,1513.0,2026-07-29
2026-07-29 12:30:00,14371.0,14385.0,14371.0,14379.0,1801.0,2026-07-29
2026-07-29 12:45:00,14379.0,14380.0,14371.0,14379.0,947.0,2026-07-29
2026-07-29 13:00:00,14375.0,14386.0,14367.0,14372.0,3902.0,2026-07-29
2026-07-29 13:15:00,14372.0,14372.0,14355.0,14365.0,3258.0,2026-07-29
2026-07-29 13:30:00,14365.0,14369.0,14350.0,14353.0,2276.0,2026-07-29
2026-07-29 13:45:00,14353.0,14359.0,14341.0,14343.0,1371.0,2026-07-29
2026-07-29 14:00:00,14343.0,14348.0,14340.0,14344.0,1453.0,2026-07-29
2026-07-29 14:15:00,14344.0,14349.0,14342.0,14348.0,696.0,2026-07-29
2026-07-29 14:30:00,14348.0,14350.0,14340.0,14341.0,715.0,2026-07-29
2026-07-29 14:45:00,14341.0,14343.0,14335.0,14336.0,743.0,2026-07-29
2026-07-29 15:00:00,14336.0,14337.0,14324.0,14324.0,3332.0,2026-07-29
2026-07-29 15:15:00,14324.0,14341.0,14324.0,14335.0,1853.0,2026-07-29
2026-07-29 15:30:00,14335.0,14337.0,14326.0,14328.0,2322.0,2026-07-29
2026-07-29 15:45:00,14328.0,14333.0,14323.0,14332.0,2620.0,2026-07-29
2026-07-29 16:00:00,14332.0,14350.0,14325.0,14332.0,5401.0,2026-07-29
2026-07-29 16:15:00,14332.0,14334.0,14323.0,14327.0,2037.0,2026-07-29
2026-07-29 16:30:00,14327.0,14343.0,14322.0,14342.0,1859.0,2026-07-29
2026-07-29 16:45:00,14342.0,14345.0,14337.0,14342.0,1486.0,2026-07-29
2026-07-29 17:00:00,14342.0,14345.0,14334.0,14337.0,741.0,2026-07-29
2026-07-29 17:15:00,14337.0,14342.0,14333.0,14335.0,839.0,2026-07-29
2026-07-29 17:30:00,14335.0,14337.0,14327.0,14329.0,663.0,2026-07-29
2026-07-29 17:45:00,14329.0,14334.0,14310.0,14311.0,4365.0,2026-07-29
2026-07-29 18:00:00,14310.0,14322.0,14301.0,14319.0,4483.0,2026-07-29
2026-07-29 18:15:00,14319.0,14323.0,14310.0,14315.0,2370.0,2026-07-29
2026-07-29 18:30:00,14315.0,14324.0,14282.0,14284.0,9095.0,2026-07-29
2026-07-29 18:45:00,14284.0,14312.0,14280.0,14290.0,4789.0,2026-07-29
2026-07-29 19:00:00,14291.0,14295.0,14281.0,14290.0,3496.0,2026-07-29
2026-07-29 19:15:00,14290.0,14290.0,14261.0,14264.0,5520.0,2026-07-29
2026-07-29 19:30:00,14264.0,14265.0,14250.0,14251.0,5969.0,2026-07-29
2026-07-29 19:45:00,14255.0,14275.0,14250.0,14264.0,4841.0,2026-07-29
2026-07-29 20:00:00,14261.0,14269.0,14249.0,14249.0,3592.0,2026-07-29
2026-07-29 20:15:00,14249.0,14263.0,14245.0,14261.0,2489.0,2026-07-29
2026-07-29 20:30:00,14261.0,14271.0,14260.0,14264.0,2031.0,2026-07-29
2026-07-29 20:45:00,14264.0,14281.0,14256.0,14280.0,4406.0,2026-07-29
2026-07-29 21:00:00,14279.0,14285.0,14264.0,14272.0,4188.0,2026-07-29
2026-07-29 21:15:00,14272.0,14275.0,14251.0,14254.0,4063.0,2026-07-29
2026-07-29 21:30:00,14254.0,14270.0,14253.0,14267.0,2336.0,2026-07-29
2026-07-29 21:45:00,14267.0,14277.0,14255.0,14273.0,4003.0,2026-07-29
2026-07-29 22:00:00,14273.0,14280.0,14269.0,14270.0,2236.0,2026-07-29
2026-07-29 22:15:00,14270.0,14300.0,14270.0,14295.0,9088.0,2026-07-29
2026-07-29 22:30:00,14295.0,14419.0,14295.0,14339.0,22175.0,2026-07-29
2026-07-29 22:45:00,14337.0,14350.0,14320.0,14320.0,6341.0,2026-07-29
2026-07-29 23:00:00,14322.0,14341.0,14320.0,14337.0,5727.0,2026-07-29
2026-07-29 23:15:00,14337.0,14365.0,14337.0,14349.0,8832.0,2026-07-29
2026-07-30 09:00:00,14337.0,14400.0,14337.0,14358.0,7793.0,2026-07-30
2026-07-30 09:15:00,14358.0,14385.0,14358.0,14377.0,5903.0,2026-07-30
2026-07-30 09:30:00,14377.0,14386.0,14362.0,14366.0,2463.0,2026-07-30
2026-07-30 09:45:00,14366.0,14367.0,14350.0,14367.0,3507.0,2026-07-30
2026-07-30 10:00:00,14367.0,14380.0,14350.0,14355.0,2457.0,2026-07-30
2026-07-30 10:15:00,14358.0,14362.0,14350.0,14350.0,1873.0,2026-07-30
2026-07-30 10:30:00,14350.0,14350.0,14340.0,14349.0,1959.0,2026-07-30
2026-07-30 10:45:00,14348.0,14352.0,14330.0,14350.0,2308.0,2026-07-30
2026-07-30 11:00:00,14350.0,14362.0,14310.0,14325.0,3678.0,2026-07-30
2026-07-30 11:15:00,14325.0,14336.0,14320.0,14327.0,2002.0,2026-07-30
2026-07-30 11:30:00,14327.0,14343.0,14322.0,14325.0,1385.0,2026-07-30
2026-07-30 11:45:00,14325.0,14343.0,14323.0,14328.0,1528.0,2026-07-30
2026-07-30 12:00:00,14328.0,14356.0,14328.0,14350.0,1272.0,2026-07-30
2026-07-30 12:15:00,14349.0,14358.0,14346.0,14350.0,1139.0,2026-07-30
2026-07-30 12:30:00,14350.0,14366.0,14350.0,14365.0,2092.0,2026-07-30
2026-07-30 12:45:00,14365.0,14370.0,14355.0,14358.0,2012.0,2026-07-30
2026-07-30 13:00:00,14358.0,14360.0,14336.0,14356.0,1517.0,2026-07-30
2026-07-30 13:15:00,14357.0,14357.0,14343.0,14345.0,562.0,2026-07-30
2026-07-30 13:30:00,14346.0,14377.0,14344.0,14377.0,1800.0,2026-07-30
2026-07-30 13:45:00,14377.0,14398.0,14373.0,14390.0,4174.0,2026-07-30
2026-07-30 14:00:00,14393.0,14416.0,14385.0,14388.0,5017.0,2026-07-30
2026-07-30 14:15:00,14388.0,14402.0,14381.0,14388.0,1560.0,2026-07-30
2026-07-30 14:30:00,14388.0,14405.0,14386.0,14398.0,1284.0,2026-07-30
2026-07-30 14:45:00,14398.0,14412.0,14397.0,14404.0,2620.0,2026-07-30
2026-07-30 15:00:00,14401.0,14402.0,14390.0,14396.0,2115.0,2026-07-30
2026-07-30 15:15:00,14396.0,14411.0,14390.0,14392.0,2749.0,2026-07-30
2026-07-30 15:30:00,14392.0,14410.0,14392.0,14398.0,2131.0,2026-07-30
2026-07-30 15:45:00,14396.0,14438.0,14396.0,14429.0,8774.0,2026-07-30
2026-07-30 16:00:00,14430.0,14447.0,14430.0,14435.0,3762.0,2026-07-30
2026-07-30 16:15:00,14434.0,14437.0,14420.0,14423.0,2804.0,2026-07-30
2026-07-30 16:30:00,14423.0,14439.0,14420.0,14430.0,1921.0,2026-07-30
2026-07-30 16:45:00,14429.0,14431.0,14406.0,14412.0,3252.0,2026-07-30
2026-07-30 17:00:00,14412.0,14424.0,14410.0,14416.0,1928.0,2026-07-30
2026-07-30 17:15:00,14416.0,14428.0,14413.0,14417.0,1860.0,2026-07-30
2026-07-30 17:30:00,14417.0,14434.0,14410.0,14425.0,3462.0,2026-07-30
2026-07-30 17:45:00,14425.0,14427.0,14409.0,14419.0,4684.0,2026-07-30
2026-07-30 18:00:00,14419.0,14450.0,14410.0,14425.0,5423.0,2026-07-30
2026-07-30 18:15:00,14425.0,14432.0,14393.0,14396.0,6128.0,2026-07-30
2026-07-30 18:30:00,14396.0,14415.0,14386.0,14415.0,4585.0,2026-07-30
2026-07-30 18:45:00,14415.0,14432.0,14411.0,14425.0,3163.0,2026-07-30
2026-07-30 19:00:00,14425.0,14449.0,14417.0,14433.0,6343.0,2026-07-30
2026-07-30 19:15:00,14433.0,14465.0,14426.0,14462.0,10758.0,2026-07-30
2026-07-30 19:30:00,14462.0,14473.0,14430.0,14444.0,8381.0,2026-07-30
2026-07-30 19:45:00,14444.0,14447.0,14425.0,14440.0,3018.0,2026-07-30
2026-07-30 20:00:00,14440.0,14460.0,14440.0,14457.0,2880.0,2026-07-30
2026-07-30 20:15:00,14457.0,14460.0,14435.0,14437.0,1777.0,2026-07-30
2026-07-30 20:30:00,14437.0,14440.0,14418.0,14424.0,4347.0,2026-07-30
2026-07-30 20:45:00,14424.0,14443.0,14424.0,14443.0,2845.0,2026-07-30
2026-07-30 21:00:00,14443.0,14458.0,14437.0,14454.0,3643.0,2026-07-30
2026-07-30 21:15:00,14452.0,14459.0,14449.0,14450.0,1890.0,2026-07-30
2026-07-30 21:30:00,14450.0,14467.0,14450.0,14461.0,5148.0,2026-07-30
2026-07-30 21:45:00,14462.0,14470.0,14460.0,14469.0,4884.0,2026-07-30
2026-07-30 22:00:00,14469.0,14469.0,14450.0,14453.0,3783.0,2026-07-30
2026-07-30 22:15:00,14453.0,14475.0,14452.0,14470.0,4527.0,2026-07-30
2026-07-30 22:30:00,14470.0,14471.0,14458.0,14460.0,4124.0,2026-07-30
2026-07-30 22:45:00,14460.0,14472.0,14458.0,14459.0,4657.0,2026-07-30
2026-07-30 23:00:00,14459.0,14473.0,14458.0,14468.0,10590.0,2026-07-30
2026-07-30 23:15:00,14468.0,14488.0,14466.0,14477.0,5523.0,2026-07-30
2026-07-31 09:00:00,14440.0,14440.0,14387.0,14405.0,6822.0,2026-07-31
2026-07-31 09:15:00,14405.0,14405.0,14393.0,14401.0,4115.0,2026-07-31
2026-07-31 09:30:00,14401.0,14408.0,14398.0,14408.0,1535.0,2026-07-31
2026-07-31 09:45:00,14408.0,14426.0,14407.0,14426.0,2005.0,2026-07-31
2026-07-31 10:00:00,14426.0,14436.0,14423.0,14424.0,2403.0,2026-07-31
2026-07-31 10:15:00,14424.0,14428.0,14408.0,14428.0,1777.0,2026-07-31
2026-07-31 10:30:00,14428.0,14440.0,14422.0,14422.0,2514.0,2026-07-31
2026-07-31 10:45:00,14422.0,14431.0,14420.0,14431.0,551.0,2026-07-31
2026-07-31 11:00:00,14431.0,14433.0,14422.0,14424.0,968.0,2026-07-31
2026-07-31 11:15:00,14424.0,14425.0,14410.0,14411.0,1599.0,2026-07-31
2026-07-31 11:30:00,14411.0,14432.0,14410.0,14428.0,1059.0,2026-07-31
2026-07-31 11:45:00,14428.0,14439.0,14427.0,14430.0,1177.0,2026-07-31
2026-07-31 12:00:00,14430.0,14436.0,14418.0,14425.0,934.0,2026-07-31
2026-07-31 12:15:00,14425.0,14431.0,14420.0,14420.0,504.0,2026-07-31
2026-07-31 12:30:00,14420.0,14424.0,14413.0,14416.0,1070.0,2026-07-31
2026-07-31 12:45:00,14416.0,14425.0,14406.0,14406.0,1204.0,2026-07-31
2026-07-31 13:00:00,14406.0,14413.0,14400.0,14410.0,2059.0,2026-07-31
2026-07-31 13:15:00,14410.0,14414.0,14400.0,14400.0,1853.0,2026-07-31
2026-07-31 13:30:00,14400.0,14402.0,14390.0,14394.0,2487.0,2026-07-31
2026-07-31 13:45:00,14394.0,14401.0,14380.0,14382.0,4502.0,2026-07-31
2026-07-31 14:00:00,14382.0,14391.0,14375.0,14386.0,2957.0,2026-07-31
2026-07-31 14:15:00,14386.0,14392.0,14380.0,14384.0,1758.0,2026-07-31
2026-07-31 14:30:00,14384.0,14391.0,14376.0,14382.0,1896.0,2026-07-31
2026-07-31 14:45:00,14382.0,14387.0,14373.0,14374.0,2637.0,2026-07-31
2026-07-31 15:00:00,14374.0,14377.0,14365.0,14377.0,2919.0,2026-07-31
2026-07-31 15:15:00,14376.0,14388.0,14375.0,14382.0,2551.0,2026-07-31
2026-07-31 15:30:00,14382.0,14387.0,14380.0,14384.0,2378.0,2026-07-31
2026-07-31 15:45:00,14384.0,14387.0,14370.0,14375.0,1880.0,2026-07-31
2026-07-31 16:00:00,14375.0,14389.0,14375.0,14381.0,1080.0,2026-07-31
2026-07-31 16:15:00,14381.0,14390.0,14375.0,14377.0,1617.0,2026-07-31
2026-07-31 16:30:00,14377.0,14392.0,14370.0,14385.0,1667.0,2026-07-31
2026-07-31 16:45:00,14385.0,14389.0,14375.0,14381.0,819.0,2026-07-31
2026-07-31 17:00:00,14381.0,14385.0,14367.0,14368.0,1878.0,2026-07-31
2026-07-31 17:15:00,14368.0,14381.0,14368.0,14375.0,1066.0,2026-07-31
2026-07-31 17:30:00,14375.0,14390.0,14374.0,14389.0,2674.0,2026-07-31
2026-07-31 17:45:00,14389.0,14393.0,14374.0,14374.0,3026.0,2026-07-31
2026-07-31 18:00:00,14373.0,14376.0,14360.0,14365.0,4262.0,2026-07-31
2026-07-31 18:15:00,14365.0,14374.0,14360.0,14365.0,2394.0,2026-07-31
2026-07-31 18:30:00,14365.0,14365.0,14345.0,14348.0,4400.0,2026-07-31
2026-07-31 18:45:00,14347.0,14375.0,14342.0,14366.0,5611.0,2026-07-31
2026-07-31 19:00:00,14366.0,14366.0,14331.0,14339.0,5347.0,2026-07-31
2026-07-31 19:15:00,14339.0,14358.0,14333.0,14344.0,5048.0,2026-07-31
2026-07-31 19:30:00,14344.0,14350.0,14330.0,14348.0,2458.0,2026-07-31
2026-07-31 19:45:00,14348.0,14358.0,14347.0,14357.0,2093.0,2026-07-31
2026-07-31 20:00:00,14357.0,14368.0,14354.0,14362.0,2114.0,2026-07-31
2026-07-31 20:15:00,14362.0,14378.0,14362.0,14375.0,2618.0,2026-07-31
2026-07-31 20:30:00,14374.0,14382.0,14364.0,14367.0,2132.0,2026-07-31
2026-07-31 20:45:00,14367.0,14377.0,14357.0,14358.0,1556.0,2026-07-31
2026-07-31 21:00:00,14358.0,14369.0,14350.0,14364.0,2164.0,2026-07-31
2026-07-31 21:15:00,14364.0,14369.0,14353.0,14364.0,1519.0,2026-07-31
2026-07-31 21:30:00,14364.0,14366.0,14352.0,14359.0,964.0,2026-07-31
2026-07-31 21:45:00,14359.0,14366.0,14353.0,14363.0,924.0,2026-07-31
2026-07-31 22:00:00,14363.0,14375.0,14359.0,14359.0,2253.0,2026-07-31
2026-07-31 22:15:00,14359.0,14366.0,14351.0,14357.0,1710.0,2026-07-31
2026-07-31 22:30:00,14357.0,14357.0,14341.0,14354.0,3138.0,2026-07-31
2026-07-31 22:45:00,14354.0,14360.0,14347.0,14360.0,2490.0,2026-07-31
2026-07-31 23:00:00,14360.0,14364.0,14342.0,14361.0,2011.0,2026-07-31
2026-07-31 23:15:00,14361.0,14370.0,14356.0,14369.0,4403.0,2026-07-31
2026-08-03 09:00:00,14379.0,14406.0,14375.0,14390.0,6466.0,2026-08-03
2026-08-03 09:15:00,14390.0,14396.0,14380.0,14392.0,2610.0,2026-08-03
2026-08-03 09:30:00,14392.0,14409.0,14392.0,14400.0,3854.0,2026-08-03
2026-08-03 09:45:00,14400.0,14418.0,14400.0,14400.0,3451.0,2026-08-03
2026-08-03 10:00:00,14400.0,14415.0,14400.0,14410.0,1902.0,2026-08-03
2026-08-03 10:15:00,14410.0,14416.0,14395.0,14396.0,1679.0,2026-08-03
2026-08-03 10:30:00,14395.0,14397.0,14382.0,14388.0,1610.0,2026-08-03
2026-08-03 10:45:00,14388.0,14399.0,14381.0,14397.0,1289.0,2026-08-03
2026-08-03 11:00:00,14397.0,14405.0,14388.0,14401.0,1266.0,2026-08-03
2026-08-03 11:15:00,14401.0,14408.0,14385.0,14406.0,1037.0,2026-08-03
2026-08-03 11:30:00,14406.0,14412.0,14393.0,14400.0,1490.0,2026-08-03
2026-08-03 11:45:00,14400.0,14410.0,14400.0,14409.0,976.0,2026-08-03
2026-08-03 12:00:00,14409.0,14412.0,14400.0,14405.0,1259.0,2026-08-03
2026-08-03 12:15:00,14405.0,14409.0,14400.0,14405.0,521.0,2026-08-03
2026-08-03 12:30:00,14405.0,14405.0,14395.0,14398.0,466.0,2026-08-03
2026-08-03 12:45:00,14398.0,14398.0,14381.0,14396.0,2342.0,2026-08-03
2026-08-03 13:00:00,14396.0,14401.0,14390.0,14398.0,471.0,2026-08-03
2026-08-03 13:15:00,14398.0,14403.0,14394.0,14399.0,507.0,2026-08-03
2026-08-03 13:30:00,14399.0,14401.0,14393.0,14399.0,494.0,2026-08-03
2026-08-03 13:45:00,14394.0,14398.0,14384.0,14386.0,1158.0,2026-08-03
2026-08-03 14:00:00,14386.0,14394.0,14382.0,14393.0,1533.0,2026-08-03
2026-08-03 14:15:00,14393.0,14393.0,14388.0,14388.0,395.0,2026-08-03
2026-08-03 14:30:00,14390.0,14401.0,14386.0,14395.0,849.0,2026-08-03
2026-08-03 14:45:00,14395.0,14401.0,14385.0,14385.0,517.0,2026-08-03
2026-08-03 15:00:00,14385.0,14386.0,14370.0,14384.0,3665.0,2026-08-03
2026-08-03 15:15:00,14384.0,14396.0,14380.0,14390.0,1886.0,2026-08-03
2026-08-03 15:30:00,14390.0,14392.0,14381.0,14391.0,1269.0,2026-08-03
2026-08-03 15:45:00,14391.0,14392.0,14386.0,14389.0,485.0,2026-08-03
2026-08-03 16:00:00,14389.0,14390.0,14382.0,14382.0,1072.0,2026-08-03
2026-08-03 16:15:00,14382.0,14387.0,14372.0,14379.0,1853.0,2026-08-03
2026-08-03 16:30:00,14379.0,14380.0,14372.0,14375.0,2043.0,2026-08-03
2026-08-03 16:45:00,14375.0,14381.0,14373.0,14377.0,862.0,2026-08-03
2026-08-03 17:00:00,14377.0,14385.0,14375.0,14382.0,1044.0,2026-08-03
2026-08-03 17:15:00,14382.0,14397.0,14381.0,14395.0,2176.0,2026-08-03
2026-08-03 17:30:00,14395.0,14401.0,14387.0,14390.0,2616.0,2026-08-03
2026-08-03 17:45:00,14390.0,14395.0,14380.0,14381.0,1361.0,2026-08-03
2026-08-03 18:00:00,14381.0,14384.0,14343.0,14351.0,7608.0,2026-08-03
2026-08-03 18:15:00,14341.0,14360.0,14341.0,14352.0,2994.0,2026-08-03
2026-08-03 18:30:00,14352.0,14369.0,14332.0,14342.0,5028.0,2026-08-03
2026-08-03 18:45:00,14342.0,14344.0,14322.0,14329.0,5261.0,2026-08-03
2026-08-03 19:00:00,14329.0,14335.0,14300.0,14324.0,8997.0,2026-08-03
2026-08-03 19:15:00,14324.0,14336.0,14318.0,14334.0,2304.0,2026-08-03
2026-08-03 19:30:00,14326.0,14333.0,14319.0,14329.0,3278.0,2026-08-03
2026-08-03 19:45:00,14329.0,14332.0,14322.0,14327.0,1235.0,2026-08-03
2026-08-03 20:00:00,14326.0,14339.0,14326.0,14338.0,1719.0,2026-08-03
2026-08-03 20:15:00,14338.0,14338.0,14325.0,14333.0,1869.0,2026-08-03
2026-08-03 20:30:00,14333.0,14334.0,14315.0,14324.0,2835.0,2026-08-03
2026-08-03 20:45:00,14324.0,14335.0,14320.0,14326.0,1250.0,2026-08-03
2026-08-03 21:00:00,14326.0,14334.0,14321.0,14329.0,1229.0,2026-08-03
2026-08-03 21:15:00,14330.0,14340.0,14330.0,14331.0,1304.0,2026-08-03
2026-08-03 21:30:00,14331.0,14334.0,14325.0,14328.0,723.0,2026-08-03
2026-08-03 21:45:00,14328.0,14335.0,14325.0,14333.0,1102.0,2026-08-03
2026-08-03 22:00:00,14333.0,14336.0,14330.0,14334.0,571.0,2026-08-03
2026-08-03 22:15:00,14334.0,14336.0,14328.0,14331.0,846.0,2026-08-03
2026-08-03 22:30:00,14331.0,14331.0,14319.0,14326.0,2832.0,2026-08-03
2026-08-03 22:45:00,14326.0,14335.0,14323.0,14331.0,2481.0,2026-08-03
2026-08-03 23:00:00,14331.0,14333.0,14326.0,14332.0,1750.0,2026-08-03
2026-08-03 23:15:00,14330.0,14333.0,14308.0,14327.0,4042.0,2026-08-03
2026-08-04 09:00:00,14379.0,14425.0,14350.0,14354.0,6874.0,2026-08-04
2026-08-04 09:15:00,14354.0,14362.0,14346.0,14347.0,1747.0,2026-08-04
2026-08-04 09:30:00,14347.0,14365.0,14347.0,14365.0,1504.0,2026-08-04
2026-08-04 09:45:00,14365.0,14374.0,14360.0,14370.0,2804.0,2026-08-04
2026-08-04 10:00:00,14370.0,14388.0,14369.0,14373.0,3537.0,2026-08-04
2026-08-04 10:15:00,14373.0,14384.0,14373.0,14377.0,1655.0,2026-08-04
2026-08-04 10:30:00,14377.0,14380.0,14359.0,14363.0,2349.0,2026-08-04
2026-08-04 10:45:00,14363.0,14379.0,14363.0,14378.0,1122.0,2026-08-04
2026-08-04 11:00:00,14378.0,14389.0,14370.0,14379.0,3048.0,2026-08-04
2026-08-04 11:15:00,14379.0,14385.0,14378.0,14381.0,718.0,2026-08-04
2026-08-04 11:30:00,14381.0,14390.0,14379.0,14379.0,1278.0,2026-08-04
2026-08-04 11:45:00,14379.0,14384.0,14375.0,14378.0,628.0,2026-08-04
2026-08-04 12:00:00,14378.0,14378.0,14371.0,14376.0,1222.0,2026-08-04
2026-08-04 12:15:00,14376.0,14384.0,14375.0,14384.0,613.0,2026-08-04
2026-08-04 12:30:00,14383.0,14388.0,14378.0,14378.0,949.0,2026-08-04
2026-08-04 12:45:00,14378.0,14386.0,14378.0,14380.0,1027.0,2026-08-04
2026-08-04 13:00:00,14380.0,14394.0,14380.0,14386.0,1132.0,2026-08-04
2026-08-04 13:15:00,14386.0,14388.0,14380.0,14382.0,361.0,2026-08-04
2026-08-04 13:30:00,14382.0,14400.0,14382.0,14400.0,3081.0,2026-08-04
2026-08-04 13:45:00,14400.0,14400.0,14385.0,14386.0,819.0,2026-08-04
2026-08-04 14:00:00,14386.0,14389.0,14375.0,14377.0,1193.0,2026-08-04
2026-08-04 14:15:00,14377.0,14377.0,14365.0,14365.0,1439.0,2026-08-04
2026-08-04 14:30:00,14365.0,14368.0,14350.0,14354.0,2470.0,2026-08-04
2026-08-04 14:45:00,14353.0,14365.0,14350.0,14360.0,1326.0,2026-08-04
2026-08-04 15:00:00,14360.0,14366.0,14352.0,14363.0,1560.0,2026-08-04
2026-08-04 15:15:00,14363.0,14370.0,14356.0,14363.0,2120.0,2026-08-04
2026-08-04 15:30:00,14363.0,14366.0,14357.0,14362.0,745.0,2026-08-04
2026-08-04 15:45:00,14363.0,14365.0,14351.0,14355.0,1713.0,2026-08-04
2026-08-04 16:00:00,14355.0,14368.0,14352.0,14368.0,1365.0,2026-08-04
2026-08-04 16:15:00,14368.0,14393.0,14368.0,14378.0,4894.0,2026-08-04
2026-08-04 16:30:00,14378.0,14385.0,14368.0,14385.0,1549.0,2026-08-04
2026-08-04 16:45:00,14385.0,14390.0,14382.0,14389.0,1102.0,2026-08-04
2026-08-04 17:00:00,14389.0,14399.0,14386.0,14398.0,2170.0,2026-08-04
2026-08-04 17:15:00,14398.0,14430.0,14395.0,14420.0,9022.0,2026-08-04
2026-08-04 17:30:00,14418.0,14418.0,14390.0,14396.0,2724.0,2026-08-04
2026-08-04 17:45:00,14396.0,14411.0,14396.0,14405.0,2092.0,2026-08-04
2026-08-04 18:00:00,14404.0,14428.0,14404.0,14411.0,6314.0,2026-08-04
2026-08-04 18:15:00,14411.0,14421.0,14404.0,14405.0,2679.0,2026-08-04
2026-08-04 18:30:00,14405.0,14408.0,14393.0,14400.0,2519.0,2026-08-04
2026-08-04 18:45:00,14400.0,14440.0,14400.0,14421.0,8229.0,2026-08-04
2026-08-04 19:00:00,14423.0,14434.0,14420.0,14423.0,3841.0,2026-08-04
2026-08-04 19:15:00,14423.0,14440.0,14417.0,14421.0,3350.0,2026-08-04
2026-08-04 19:30:00,14421.0,14435.0,14420.0,14433.0,2741.0,2026-08-04
2026-08-04 19:45:00,14430.0,14435.0,14416.0,14423.0,2231.0,2026-08-04
2026-08-04 20:00:00,14423.0,14430.0,14410.0,14420.0,3081.0,2026-08-04
2026-08-04 20:15:00,14420.0,14428.0,14416.0,14418.0,2583.0,2026-08-04
2026-08-04 20:30:00,14418.0,14424.0,14413.0,14422.0,852.0,2026-08-04
2026-08-04 20:45:00,14422.0,14423.0,14407.0,14413.0,1210.0,2026-08-04
2026-08-04 21:00:00,14413.0,14427.0,14408.0,14423.0,1319.0,2026-08-04
2026-08-04 21:15:00,14423.0,14429.0,14420.0,14426.0,1377.0,2026-08-04
2026-08-04 21:30:00,14426.0,14427.0,14415.0,14421.0,694.0,2026-08-04
2026-08-04 21:45:00,14421.0,14428.0,14415.0,14427.0,1093.0,2026-08-04
2026-08-04 22:00:00,14427.0,14427.0,14417.0,14426.0,1025.0,2026-08-04
2026-08-04 22:15:00,14426.0,14430.0,14423.0,14427.0,1324.0,2026-08-04
2026-08-04 22:30:00,14427.0,14445.0,14425.0,14435.0,4296.0,2026-08-04
2026-08-04 22:45:00,14435.0,14438.0,14432.0,14434.0,2349.0,2026-08-04
2026-08-04 23:00:00,14434.0,14435.0,14425.0,14435.0,3477.0,2026-08-04
2026-08-04 23:15:00,14435.0,14435.0,14416.0,14418.0,4365.0,2026-08-04
2026-08-05 09:00:00,14448.0,14525.0,14448.0,14487.0,8338.0,2026-08-05
2026-08-05 09:15:00,14487.0,14500.0,14484.0,14497.0,4713.0,2026-08-05
2026-08-05 09:30:00,14497.0,14520.0,14495.0,14512.0,4350.0,2026-08-05
2026-08-05 09:45:00,14512.0,14520.0,14508.0,14510.0,2319.0,2026-08-05
2026-08-05 10:00:00,14512.0,14514.0,14505.0,14507.0,1915.0,2026-08-05
2026-08-05 10:15:00,14507.0,14515.0,14505.0,14513.0,1581.0,2026-08-05
2026-08-05 10:30:00,14513.0,14520.0,14511.0,14518.0,1494.0,2026-08-05
2026-08-05 10:45:00,14518.0,14524.0,14515.0,14520.0,3375.0,2026-08-05
2026-08-05 11:00:00,14520.0,14575.0,14520.0,14575.0,8655.0,2026-08-05
2026-08-05 11:15:00,14575.0,14599.0,14570.0,14573.0,9339.0,2026-08-05
2026-08-05 11:30:00,14573.0,14596.0,14560.0,14594.0,4228.0,2026-08-05
2026-08-05 11:45:00,14594.0,14598.0,14575.0,14597.0,3304.0,2026-08-05
2026-08-05 12:00:00,14597.0,14623.0,14591.0,14615.0,8278.0,2026-08-05
2026-08-05 12:15:00,14615.0,14616.0,14605.0,14610.0,1913.0,2026-08-05
2026-08-05 12:30:00,14611.0,14615.0,14589.0,14595.0,3331.0,2026-08-05
2026-08-05 12:45:00,14595.0,14602.0,14584.0,14584.0,2160.0,2026-08-05
2026-08-05 13:00:00,14584.0,14594.0,14580.0,14590.0,1769.0,2026-08-05
2026-08-05 13:15:00,14590.0,14601.0,14584.0,14600.0,1674.0,2026-08-05
2026-08-05 13:30:00,14600.0,14605.0,14592.0,14592.0,1591.0,2026-08-05
2026-08-05 13:45:00,14592.0,14594.0,14581.0,14584.0,1045.0,2026-08-05
2026-08-05 14:00:00,14584.0,14597.0,14581.0,14593.0,1649.0,2026-08-05
2026-08-05 14:15:00,14593.0,14597.0,14581.0,14585.0,1256.0,2026-08-05
2026-08-05 14:30:00,14585.0,14597.0,14584.0,14586.0,1592.0,2026-08-05
2026-08-05 14:45:00,14587.0,14589.0,14572.0,14578.0,1343.0,2026-08-05
2026-08-05 15:00:00,14575.0,14584.0,14570.0,14581.0,1883.0,2026-08-05
2026-08-05 15:15:00,14581.0,14589.0,14579.0,14585.0,1791.0,2026-08-05
2026-08-05 15:30:00,14585.0,14587.0,14550.0,14551.0,3871.0,2026-08-05
2026-08-05 15:45:00,14551.0,14577.0,14550.0,14571.0,3688.0,2026-08-05
2026-08-05 16:00:00,14571.0,14583.0,14567.0,14572.0,1773.0,2026-08-05
2026-08-05 16:15:00,14572.0,14592.0,14567.0,14591.0,1707.0,2026-08-05
2026-08-05 16:30:00,14590.0,14610.0,14588.0,14608.0,3385.0,2026-08-05
2026-08-05 16:45:00,14608.0,14618.0,14598.0,14612.0,2938.0,2026-08-05
2026-08-05 17:00:00,14612.0,14640.0,14609.0,14631.0,6862.0,2026-08-05
2026-08-05 17:15:00,14631.0,14649.0,14627.0,14640.0,5457.0,2026-08-05
2026-08-05 17:30:00,14640.0,14660.0,14640.0,14650.0,5497.0,2026-08-05
2026-08-05 17:45:00,14650.0,14692.0,14650.0,14665.0,9874.0,2026-08-05
2026-08-05 18:00:00,14665.0,14676.0,14643.0,14650.0,9322.0,2026-08-05
2026-08-05 18:15:00,14650.0,14654.0,14630.0,14630.0,5409.0,2026-08-05
2026-08-05 18:30:00,14631.0,14659.0,14631.0,14646.0,4805.0,2026-08-05
2026-08-05 18:45:00,14646.0,14663.0,14642.0,14663.0,2804.0,2026-08-05
2026-08-05 19:00:00,14663.0,14670.0,14645.0,14660.0,4355.0,2026-08-05
2026-08-05 19:15:00,14660.0,14674.0,14643.0,14673.0,3128.0,2026-08-05
2026-08-05 19:30:00,14670.0,14735.0,14668.0,14727.0,16968.0,2026-08-05
2026-08-05 19:45:00,14727.0,14754.0,14718.0,14743.0,13059.0,2026-08-05
2026-08-05 20:00:00,14743.0,14750.0,14722.0,14748.0,6141.0,2026-08-05
2026-08-05 20:15:00,14748.0,14774.0,14733.0,14750.0,8354.0,2026-08-05
2026-08-05 20:30:00,14750.0,14792.0,14748.0,14789.0,9369.0,2026-08-05
2026-08-05 20:45:00,14789.0,14803.0,14771.0,14781.0,6421.0,2026-08-05
2026-08-05 21:00:00,14780.0,14786.0,14766.0,14774.0,4693.0,2026-08-05
2026-08-05 21:15:00,14775.0,14775.0,14731.0,14736.0,9461.0,2026-08-05
2026-08-05 21:30:00,14736.0,14750.0,14715.0,14742.0,6626.0,2026-08-05
2026-08-05 21:45:00,14742.0,14766.0,14741.0,14759.0,3501.0,2026-08-05
2026-08-05 22:00:00,14759.0,14774.0,14745.0,14764.0,4599.0,2026-08-05
2026-08-05 22:15:00,14764.0,14775.0,14751.0,14757.0,1926.0,2026-08-05
2026-08-05 22:30:00,14757.0,14765.0,14753.0,14758.0,2070.0,2026-08-05
2026-08-05 22:45:00,14758.0,14768.0,14750.0,14764.0,2256.0,2026-08-05
2026-08-05 23:00:00,14762.0,14780.0,14755.0,14772.0,3285.0,2026-08-05
2026-08-05 23:15:00,14772.0,14779.0,14765.0,14766.0,5628.0,2026-08-05
2026-08-06 09:00:00,14800.0,14850.0,14765.0,14826.0,12495.0,2026-08-06
2026-08-06 09:15:00,14829.0,14868.0,14816.0,14867.0,7915.0,2026-08-06
2026-08-06 09:30:00,14866.0,14880.0,14856.0,14873.0,8110.0,2026-08-06
2026-08-06 09:45:00,14873.0,14875.0,14850.0,14850.0,5880.0,2026-08-06
2026-08-06 10:00:00,14852.0,14874.0,14852.0,14867.0,3373.0,2026-08-06
2026-08-06 10:15:00,14867.0,14895.0,14861.0,14889.0,5498.0,2026-08-06
2026-08-06 10:30:00,14892.0,14898.0,14875.0,14877.0,4644.0,2026-08-06
2026-08-06 10:45:00,14877.0,14880.0,14855.0,14857.0,3835.0,2026-08-06
2026-08-06 11:00:00,14855.0,14876.0,14826.0,14875.0,8770.0,2026-08-06
2026-08-06 11:15:00,14875.0,14900.0,14871.0,14897.0,4019.0,2026-08-06
2026-08-06 11:30:00,14894.0,14897.0,14864.0,14872.0,2614.0,2026-08-06
2026-08-06 11:45:00,14872.0,14876.0,14860.0,14867.0,2359.0,2026-08-06
2026-08-06 12:00:00,14867.0,14871.0,14837.0,14856.0,2807.0,2026-08-06
2026-08-06 12:15:00,14856.0,14863.0,14845.0,14853.0,1462.0,2026-08-06
2026-08-06 12:30:00,14853.0,14880.0,14845.0,14879.0,1956.0,2026-08-06
2026-08-06 12:45:00,14879.0,14879.0,14864.0,14876.0,674.0,2026-08-06
2026-08-06 13:00:00,14876.0,14876.0,14850.0,14852.0,1098.0,2026-08-06
2026-08-06 13:15:00,14852.0,14870.0,14851.0,14869.0,1016.0,2026-08-06
2026-08-06 13:30:00,14869.0,14885.0,14861.0,14885.0,1416.0,2026-08-06
2026-08-06 13:45:00,14884.0,14890.0,14870.0,14883.0,1686.0,2026-08-06
2026-08-06 14:00:00,14883.0,14893.0,14873.0,14886.0,1299.0,2026-08-06
2026-08-06 14:15:00,14886.0,14900.0,14884.0,14900.0,2174.0,2026-08-06
2026-08-06 14:30:00,14900.0,14928.0,14900.0,14917.0,5404.0,2026-08-06
2026-08-06 14:45:00,14918.0,14932.0,14913.0,14926.0,4077.0,2026-08-06
2026-08-06 15:00:00,14926.0,14928.0,14905.0,14905.0,2286.0,2026-08-06
2026-08-06 15:15:00,14905.0,14920.0,14905.0,14907.0,2466.0,2026-08-06
2026-08-06 15:30:00,14907.0,14910.0,14895.0,14902.0,2543.0,2026-08-06
2026-08-06 15:45:00,14902.0,14915.0,14885.0,14905.0,3156.0,2026-08-06
2026-08-06 16:00:00,14905.0,14905.0,14882.0,14884.0,2151.0,2026-08-06
2026-08-06 16:15:00,14883.0,14919.0,14880.0,14909.0,7801.0,2026-08-06
2026-08-06 16:30:00,14913.0,14916.0,14901.0,14910.0,1743.0,2026-08-06
2026-08-06 16:45:00,14909.0,14914.0,14892.0,14900.0,3108.0,2026-08-06
2026-08-06 17:00:00,14900.0,14906.0,14874.0,14878.0,2690.0,2026-08-06
2026-08-06 17:15:00,14878.0,14887.0,14853.0,14887.0,5717.0,2026-08-06
2026-08-06 17:30:00,14890.0,14890.0,14857.0,14859.0,4750.0,2026-08-06
2026-08-06 17:45:00,14858.0,14875.0,14849.0,14868.0,4581.0,2026-08-06
2026-08-06 18:00:00,14868.0,14896.0,14861.0,14879.0,3470.0,2026-08-06
2026-08-06 18:15:00,14881.0,14882.0,14827.0,14829.0,5863.0,2026-08-06
2026-08-06 18:30:00,14832.0,14844.0,14750.0,14790.0,16650.0,2026-08-06
2026-08-06 18:45:00,14791.0,14814.0,14778.0,14806.0,8834.0,2026-08-06
2026-08-06 19:00:00,14807.0,14885.0,14803.0,14872.0,11158.0,2026-08-06
2026-08-06 19:15:00,14869.0,14869.0,14850.0,14864.0,5410.0,2026-08-06
2026-08-06 19:30:00,14864.0,14885.0,14857.0,14872.0,4989.0,2026-08-06
2026-08-06 19:45:00,14872.0,14874.0,14845.0,14863.0,3854.0,2026-08-06
2026-08-06 20:00:00,14863.0,14885.0,14861.0,14877.0,3050.0,2026-08-06
2026-08-06 20:15:00,14877.0,14880.0,14851.0,14877.0,3416.0,2026-08-06
2026-08-06 20:30:00,14877.0,14880.0,14852.0,14860.0,2135.0,2026-08-06
2026-08-06 20:45:00,14860.0,14862.0,14831.0,14844.0,5835.0,2026-08-06
2026-08-06 21:00:00,14844.0,14846.0,14822.0,14831.0,5516.0,2026-08-06
2026-08-06 21:15:00,14835.0,14835.0,14779.0,14794.0,8233.0,2026-08-06
2026-08-06 21:30:00,14794.0,14817.0,14794.0,14794.0,4508.0,2026-08-06
2026-08-06 21:45:00,14795.0,14798.0,14771.0,14798.0,6344.0,2026-08-06
2026-08-06 22:00:00,14798.0,14810.0,14791.0,14802.0,4020.0,2026-08-06
2026-08-06 22:15:00,14802.0,14827.0,14795.0,14823.0,3410.0,2026-08-06
2026-08-06 22:30:00,14823.0,14825.0,14814.0,14814.0,2550.0,2026-08-06
2026-08-06 22:45:00,14814.0,14815.0,14803.0,14808.0,3138.0,2026-08-06
2026-08-06 23:00:00,14808.0,14815.0,14803.0,14811.0,2278.0,2026-08-06
2026-08-06 23:15:00,14811.0,14840.0,14808.0,14836.0,7991.0,2026-08-06
2026-08-07 09:00:00,14831.0,14896.0,14831.0,14895.0,6036.0,2026-08-07
2026-08-07 09:15:00,14895.0,14907.0,14887.0,14906.0,4791.0,2026-08-07
2026-08-07 09:30:00,14906.0,14915.0,14896.0,14901.0,3595.0,2026-08-07
2026-08-07 09:45:00,14901.0,14909.0,14891.0,14905.0,2565.0,2026-08-07
2026-08-07 10:00:00,14905.0,14913.0,14900.0,14900.0,2188.0,2026-08-07
2026-08-07 10:15:00,14900.0,14910.0,14895.0,14898.0,2991.0,2026-08-07
2026-08-07 10:30:00,14897.0,14910.0,14887.0,14907.0,1837.0,2026-08-07
2026-08-07 10:45:00,14910.0,14911.0,14900.0,14905.0,1264.0,2026-08-07
2026-08-07 11:00:00,14905.0,14927.0,14903.0,14919.0,3432.0,2026-08-07
2026-08-07 11:15:00,14919.0,14940.0,14918.0,14938.0,4813.0,2026-08-07
2026-08-07 11:30:00,14938.0,14967.0,14935.0,14963.0,4905.0,2026-08-07
2026-08-07 11:45:00,14963.0,14980.0,14947.0,14950.0,9011.0,2026-08-07
2026-08-07 12:00:00,14948.0,14980.0,14942.0,14979.0,6079.0,2026-08-07
2026-08-07 12:15:00,14979.0,14996.0,14965.0,14989.0,5020.0,2026-08-07
2026-08-07 12:30:00,14989.0,14990.0,14966.0,14972.0,2785.0,2026-08-07
2026-08-07 12:45:00,14972.0,14978.0,14952.0,14964.0,2748.0,2026-08-07
2026-08-07 13:00:00,14964.0,14984.0,14960.0,14966.0,2281.0,2026-08-07
2026-08-07 13:15:00,14966.0,14978.0,14965.0,14974.0,2121.0,2026-08-07
2026-08-07 13:30:00,14974.0,15010.0,14974.0,15009.0,6115.0,2026-08-07
2026-08-07 13:45:00,15011.0,15014.0,14991.0,15000.0,3514.0,2026-08-07
2026-08-07 14:00:00,15000.0,15042.0,14998.0,15030.0,7680.0,2026-08-07
2026-08-07 14:15:00,15030.0,15034.0,15017.0,15028.0,3143.0,2026-08-07
2026-08-07 14:30:00,15028.0,15035.0,15017.0,15018.0,2321.0,2026-08-07
2026-08-07 14:45:00,15018.0,15035.0,15014.0,15027.0,1389.0,2026-08-07
2026-08-07 15:00:00,15027.0,15052.0,15016.0,15044.0,6207.0,2026-08-07
2026-08-07 15:15:00,15043.0,15063.0,15043.0,15047.0,5595.0,2026-08-07
2026-08-07 15:30:00,15045.0,15053.0,15017.0,15020.0,4260.0,2026-08-07
2026-08-07 15:45:00,15020.0,15044.0,15020.0,15042.0,2797.0,2026-08-07
2026-08-07 16:00:00,15042.0,15047.0,15040.0,15042.0,1774.0,2026-08-07
2026-08-07 16:15:00,15042.0,15049.0,15030.0,15035.0,2681.0,2026-08-07
